"restaurant_id","location_type","cuisine_type","delivery","average_daily_walk_ins","monthly_marketing_spend","seating_capacity","avg_check","star_rating","years_open","competitors_nearby","website_visits","weekly_reservations","labor_hours","number_of_tables","table_turnover","food_cost_percent","avg_ticket_time","catering_inquiries","monthly_revenue"
1411,"downtown","asian","yes",34,1277,91,72.72,3,4.1,3,484,55,1478,40,0.8,0.276,15.6,17,115196
1087,"suburban","asian","yes",55,1951,80,29.87,2.5,6.7,5,629,65,1479,35,0.99,0.292,15.5,9,104915
3496,"downtown","american","no",113,3208,72,63.46,3.5,2,7,1086,134,1670,39,1.15,0.304,22.2,22,119446
3323,"suburban","asian","no",32,500,43,37.12,3,6.5,4,463,60,1267,24,1.08,0.259,16.7,9,80854
333,"downtown","asian","no",35,1107,43,57.6,3.5,11.3,5,534,61,1113,28,1.1,0.251,18.1,11,97077
1067,"suburban","asian","yes",86,500,62,40.62,3,0.5,4,609,67,1650,33,0.87,0.272,15.9,20,111728
1307,"downtown","italian","yes",50,1215,66,59.37,3,12.2,6,473,56,1327,31,0.8,0.301,15.6,20,122198
2529,"downtown","american","no",31,500,68,25.83,2.5,0.5,3,337,31,1348,28,0.89,0.299,17,12,84609
4710,"suburban","italian","yes",99,2238,83,49.4,4,7.6,5,900,144,1713,45,1.11,0.325,17.7,24,118679
3288,"suburban","american","yes",84,2620,75,24.59,3.5,6.5,6,877,112,1632,39,1.31,0.321,13.4,17,105968
680,"suburban","asian","yes",71,2667,104,23.7,3,9.2,9,742,68,1688,49,1.34,0.298,20.2,26,95123
2280,"suburban","mexican","yes",55,3425,95,18,2.5,10.4,7,816,76,1764,41,0.88,0.241,16.2,12,87809
4974,"downtown","american","yes",139,2404,63,82.78,4.5,5.7,9,1027,176,1750,36,1.77,0.31,18.3,24,137143
1178,"suburban","american","yes",111,2440,90,38.66,3.5,5.8,8,941,131,1776,41,1.07,0.265,24.3,12,119007
4219,"suburban","italian","yes",38,1223,94,38.29,3.5,10.4,0,560,66,1331,40,0.82,0.323,15.5,11,107167
2761,"downtown","asian","yes",74,2370,74,82.98,3,6,3,771,104,1581,32,1.3,0.326,18.6,15,135716
4641,"downtown","mexican","no",113,4888,94,83.99,4.5,12.3,12,1350,165,1676,46,1.76,0.201,24.1,22,104950
399,"suburban","american","no",30,1471,96,201.75,4,3.8,6,557,68,1447,46,0.8,0.294,19.2,15,94431
1878,"suburban","american","yes",81,2230,89,18.25,3.5,1.7,9,748,101,1630,43,1.03,0.279,17.4,15,89291
4089,"downtown","american","yes",75,2482,88,59.79,3,6.8,8,735,69,1598,43,1,0.294,18.8,20,115079
3336,"downtown","asian","no",30,577,36,60.37,3,6.7,3,390,54,1147,16,0.8,0.225,20.2,18,103593
1736,"downtown","american","yes",126,2917,99,99.57,3.5,14.1,7,995,150,1892,48,1.02,0.292,20.3,30,126073
3912,"suburban","italian","yes",101,3992,88,64.18,3.5,7.5,8,1024,133,1454,43,1.74,0.35,19.7,20,117603
803,"suburban","asian","no",109,2476,91,92.66,4,3.8,8,915,163,1791,42,1.69,0.29,17.4,19,105601
838,"downtown","italian","yes",93,4147,92,79,4,12,7,1072,134,1602,41,1.39,0.276,18.5,20,141331
4700,"suburban","mexican","no",40,1180,85,41.72,2.5,4.9,2,448,57,1542,45,0.9,0.206,16.7,10,74833
114,"suburban","asian","no",15,500,59,25.97,3,7.3,0,368,42,1197,29,1.02,0.294,16.6,8,72452
996,"suburban","asian","no",117,2799,120,72.97,4,2.8,9,941,147,1941,52,1.44,0.277,20.1,22,105564
1797,"downtown","american","yes",91,3364,116,64.86,3,14.5,7,911,94,1609,54,0.95,0.286,14.9,17,129693
847,"downtown","asian","yes",62,2506,77,45.37,3,5.8,8,869,106,1387,40,1.23,0.274,16.3,16,110530
682,"tourist","mexican","no",131,4675,103,84.13,3.5,12.2,9,1311,164,2046,48,1.43,0.241,22,16,136432
4691,"suburban","asian","no",65,1758,71,74.26,3,10.6,2,724,71,1393,32,0.82,0.262,15.5,14,95835
1837,"downtown","italian","no",103,3658,129,172.66,3.5,9.2,6,1038,135,1874,55,1.43,0.309,24.2,23,122833
4800,"suburban","mexican","yes",43,2578,110,33.76,3.5,7.3,7,708,57,1483,44,0.83,0.274,17.6,21,89686
324,"downtown","italian","yes",85,3118,106,77.99,3.5,8.2,6,926,120,1729,49,1.4,0.299,16.9,23,138188
2371,"downtown","asian","no",32,1877,84,36.8,2.5,0.5,6,590,51,1384,37,0.8,0.293,15.9,18,91236
586,"tourist","asian","no",46,3037,132,44.39,3.5,12.1,5,760,62,1779,50,0.8,0.263,15.2,9,123191
1255,"suburban","asian","yes",15,500,55,38.13,3.5,6,0,365,39,986,30,0.8,0.295,18.2,11,85562
178,"tourist","italian","no",130,4099,119,108.2,4.5,15.3,10,1239,184,2010,55,1.34,0.35,18.6,26,160741
3020,"downtown","american","yes",50,1977,63,42.73,3,8.4,5,610,79,1286,29,1.1,0.273,15.3,13,109472
4120,"suburban","italian","yes",23,500,31,18,2.5,0.5,0,261,41,1056,17,0.8,0.322,17.8,6,87616
3822,"downtown","italian","no",92,1441,93,132.09,3.5,9.9,9,680,127,1554,45,0.8,0.313,20.7,14,118649
718,"downtown","asian","yes",93,2524,74,134.22,4.5,6.5,6,862,140,1527,35,1.96,0.324,24.5,26,140013
1911,"tourist","asian","yes",42,2056,65,30.1,4,6.6,4,722,72,1381,31,1.28,0.339,16.1,4,116731
758,"tourist","asian","no",92,2415,93,62.73,3.5,3.3,3,838,137,1848,43,1.29,0.312,16.3,16,139115
4658,"suburban","italian","yes",41,636,92,39.63,3.5,9.3,4,475,47,1646,42,0.8,0.303,13.8,17,96101
2506,"suburban","asian","no",47,3191,87,39.12,2.5,7.8,1,765,66,1423,41,0.87,0.318,18.3,12,97272
1439,"downtown","american","yes",86,2718,128,77.03,4,7.1,5,885,113,1844,53,1.27,0.316,19.5,17,132767
593,"suburban","american","no",22,543,55,31.28,3,6.3,1,368,32,1308,31,0.85,0.297,16.4,6,77127
672,"suburban","american","yes",124,3745,104,32.36,4,5.5,9,1162,168,1736,45,1.56,0.33,19.4,16,111474
101,"tourist","mexican","no",36,1887,40,47.87,3,0.5,4,600,79,1190,20,1.21,0.233,15.6,11,103958
606,"tourist","italian","yes",81,3091,119,73.26,2.5,9,5,877,101,1777,54,0.98,0.329,19.7,12,148558
2425,"downtown","asian","yes",49,1236,29,103.72,3,4.7,2,531,67,1203,22,0.8,0.261,21,11,119607
1953,"suburban","italian","yes",73,2524,99,48.27,4,13.6,2,826,108,1743,37,1.32,0.322,17.4,13,112158
4951,"suburban","american","yes",56,961,80,29.96,3.5,10.9,5,564,95,1554,38,0.8,0.309,12.3,16,94722
2238,"suburban","american","no",65,1519,80,36.73,4,4.3,5,671,93,1417,43,1.32,0.313,21.4,8,94974
4571,"suburban","mexican","yes",72,2009,81,22.86,3.5,10,6,717,97,1516,37,1.63,0.23,19.8,15,93449
3954,"downtown","asian","no",120,4110,117,92.15,4.5,11.3,4,1190,151,2012,55,1.38,0.279,18.3,26,129879
3828,"downtown","asian","yes",82,2096,59,99.12,3.5,0.5,7,744,115,1469,30,1.57,0.301,20.4,24,121438
3588,"suburban","american","yes",88,1751,57,47.4,4,5.2,5,785,147,1408,34,1.47,0.294,16.2,15,112011
4003,"tourist","asian","yes",46,687,79,42.32,3,5.9,2,454,100,1482,33,1.05,0.288,20.8,5,131920
3718,"tourist","asian","no",93,2389,70,66.88,3.5,1.6,8,849,131,1616,37,1.36,0.271,21.1,19,130935
2681,"suburban","american","yes",90,3348,91,23.98,4.5,0.5,8,987,165,1754,43,1.59,0.303,17.6,20,109442
3268,"tourist","asian","yes",86,2268,99,58.92,4,9.3,7,764,141,1670,47,1.45,0.267,15.6,21,142565
4904,"downtown","italian","yes",71,2700,107,107.48,3.5,10.3,5,773,97,1588,48,1,0.31,18.3,25,119746
557,"downtown","mexican","no",46,1633,79,28.58,3.5,4.8,5,608,56,1496,34,1.49,0.289,15.2,19,87050
1502,"tourist","mexican","yes",50,1994,74,21.77,3,3.3,6,611,66,1334,34,1.26,0.293,20,15,108931
2915,"tourist","asian","yes",91,1995,61,53.33,3.5,5,4,781,128,1507,39,1.24,0.295,22,14,147736
3674,"tourist","italian","yes",111,3136,67,199.41,4.5,0.5,7,1076,164,1763,35,1.86,0.321,22.1,27,175999
3538,"tourist","american","yes",97,2437,86,65.13,4,3.8,7,889,128,1536,41,1.36,0.3,21.5,17,151547
4060,"suburban","american","yes",87,2665,84,24.59,4.5,8.1,5,830,126,1647,38,1.52,0.261,19.7,15,113816
456,"downtown","asian","no",64,2223,70,59.93,3.5,4.6,2,714,74,1323,37,0.96,0.263,14.4,22,118137
521,"downtown","american","yes",103,2948,89,93.77,3.5,10.4,5,963,142,1677,38,1.39,0.301,20.8,23,136784
4143,"suburban","asian","yes",16,606,106,34.69,3,8.1,1,337,54,1452,42,0.8,0.293,11.6,10,98608
3561,"suburban","american","yes",85,2562,147,26.94,2.5,7.8,6,755,112,1993,57,1.09,0.281,13.9,14,110268
3621,"downtown","mexican","no",101,3447,109,37.78,4,9.7,6,1045,140,1877,45,1.47,0.218,27.6,12,119189
2144,"downtown","american","no",100,2945,85,48.85,3.5,0.5,8,892,136,1780,41,1.15,0.252,25,20,109419
4308,"downtown","mexican","no",131,3675,84,39.71,3.5,6.5,10,1129,170,1727,44,1.11,0.265,15,32,110314
3742,"suburban","asian","no",28,500,122,48.08,3.5,5.2,2,469,56,1752,46,1.13,0.308,10.7,12,96648
4824,"downtown","mexican","no",109,2084,128,51.24,4,15.7,6,925,144,2092,54,1.38,0.296,19,13,115944
1215,"tourist","mexican","no",154,5535,159,77.96,4.5,11.6,10,1457,168,2311,71,1.58,0.289,21.9,21,155129
3287,"tourist","mexican","no",34,2778,97,26.77,3.5,1.2,4,673,83,1437,42,0.8,0.274,15.7,12,106903
2193,"tourist","italian","yes",133,3770,94,96.93,4,4,5,1089,164,1839,46,1.63,0.315,18.2,26,173871
2438,"tourist","italian","no",93,2788,123,55.34,3.5,6.2,5,863,126,1996,54,1.72,0.296,20.8,13,140628
630,"suburban","asian","no",79,1511,77,23.81,3,8,2,694,69,1435,42,0.8,0.319,18.3,8,96282
62,"tourist","american","yes",64,1725,20,38.86,3,0.5,5,656,94,973,16,1.24,0.292,23.8,12,111960
2675,"suburban","mexican","no",98,3526,83,42.28,4.5,9.1,8,1070,129,1726,37,1.12,0.215,21,15,93823
3936,"suburban","american","yes",103,3479,106,62.02,4,1,4,1032,160,1801,46,1.46,0.289,16.7,21,115551
2455,"suburban","american","yes",48,1582,109,31.64,3.5,13.9,4,640,81,1637,43,1.01,0.316,11,8,86201
1724,"downtown","mexican","no",65,2024,41,41.99,3,6.5,6,700,93,1353,30,0.87,0.243,20.1,15,104018
3273,"tourist","italian","yes",122,2094,31,164.05,3.5,8.5,6,961,148,1418,23,1.93,0.365,23.9,28,182201
2640,"downtown","mexican","yes",96,2346,91,180.05,3.5,3.5,7,850,133,1699,44,1.55,0.241,20.4,27,124712
2579,"downtown","mexican","no",94,2028,93,90.32,3,6.1,7,813,132,1605,44,1.12,0.223,18.6,27,112065
3286,"suburban","italian","yes",37,500,87,27.31,2.5,10.7,4,365,41,1550,44,0.8,0.28,12.3,5,91574
3862,"tourist","italian","yes",169,3869,128,114.8,4.5,9.6,9,1204,216,2027,54,2.05,0.32,22.5,29,185447
3568,"downtown","italian","yes",145,3810,88,244.95,4,10.3,9,1276,188,2107,46,1.7,0.301,25.5,29,147334
2907,"tourist","mexican","yes",152,4580,64,136.91,4,10.2,8,1326,180,1778,32,1.83,0.291,22.2,25,163210
2185,"downtown","asian","yes",83,3465,86,440.19,4,10.5,7,964,98,1640,38,1.31,0.31,29.7,35,66375
4317,"downtown","asian","no",24,1478,72,51.62,4,5.8,0,526,75,1328,31,1.12,0.299,16.6,6,106022
4871,"suburban","mexican","no",44,1421,121,42.98,3,8.7,3,577,74,1776,46,0.82,0.267,14.5,10,87571
4062,"tourist","italian","yes",109,3788,91,224.99,4,3.1,9,1085,149,1825,40,1.66,0.335,27.5,29,181260
4607,"suburban","asian","no",127,4561,115,45.44,3.5,0.5,13,1214,130,1816,51,1.77,0.288,21.3,8,113456
1061,"suburban","american","no",43,2041,97,30.17,3,12.4,5,701,69,1522,37,0.8,0.295,14.8,9,87840
2069,"tourist","asian","yes",107,4269,78,84.54,4,5.8,4,1127,144,1691,42,1.33,0.296,20.8,22,167076
1043,"suburban","italian","yes",89,2895,108,194.26,3.5,8,5,898,115,1816,53,0.99,0.296,21.7,27,120924
1473,"downtown","american","yes",79,2440,81,62.35,4.5,5.8,8,838,108,1670,39,1.55,0.303,18.8,12,119042
2121,"downtown","mexican","yes",26,1251,63,56.3,2.5,2,1,426,47,1309,25,1.01,0.236,13.4,17,93563
1699,"suburban","american","yes",83,3951,154,22.9,3,18.6,3,985,108,1977,68,1.34,0.296,16.6,18,98512
695,"tourist","italian","yes",48,1578,61,101.82,3,2.5,5,591,67,1244,31,0.96,0.314,16.8,11,145084
2025,"downtown","american","no",128,4678,90,245.46,4,0.5,9,1297,162,1867,40,1.62,0.332,23.7,27,121348
3297,"suburban","asian","yes",110,4470,123,46.31,4.5,12.8,8,1198,154,1950,55,1.42,0.248,21.3,16,122973
833,"tourist","american","yes",82,2595,98,40.87,3.5,2,9,809,104,1626,44,1.05,0.326,16.6,14,127784
1462,"suburban","mexican","yes",79,2237,85,22.27,4,7.9,4,827,96,1569,35,1.55,0.286,17.8,18,92306
2282,"suburban","mexican","yes",50,1269,47,21.69,3,1.8,5,511,74,1127,27,1.18,0.2,19.7,10,81742
4454,"suburban","asian","yes",107,2724,82,26.35,4,12.8,6,910,124,1796,45,0.93,0.294,14.3,13,109330
1920,"downtown","american","yes",146,4935,81,45.2,3.5,11,8,1321,169,1658,48,1.61,0.281,19.7,19,143963
3397,"suburban","italian","yes",92,2404,136,71.07,3.5,11.6,5,828,114,1853,62,1.2,0.302,15.1,18,134940
724,"downtown","american","yes",149,4204,112,121.43,4,17.9,9,1254,194,1941,51,2.09,0.284,24.1,27,128742
4337,"suburban","italian","no",77,1531,95,50.43,3.5,10.1,3,641,101,1621,43,1.43,0.35,16.3,16,112317
2413,"downtown","american","yes",51,500,67,82.98,3.5,3.9,4,461,86,1184,30,1.11,0.321,18.6,13,107288
3724,"downtown","american","yes",58,2054,84,61.27,3.5,0.5,5,650,103,1550,37,0.86,0.292,16.6,18,116860
3069,"tourist","asian","yes",76,3188,79,23.79,2.5,6,2,857,74,1483,36,0.8,0.222,15.7,20,121412
1131,"tourist","asian","no",200,4297,146,142.58,4.5,10.6,11,1454,227,2502,60,1.63,0.275,22.5,30,176027
3670,"tourist","italian","no",74,1371,81,58.68,4,7.8,8,652,127,1453,40,1.42,0.347,14.3,15,130518
3562,"tourist","mexican","yes",96,3032,92,77.37,4,10.5,9,963,138,1782,47,1.96,0.276,21.6,19,141647
2852,"suburban","american","yes",59,1832,64,28.57,3,10,7,666,99,1294,34,0.8,0.247,17.5,13,99334
1072,"tourist","mexican","no",132,3129,115,55.41,3.5,11.7,10,1081,187,1998,46,1.54,0.245,19.7,27,131472
3484,"tourist","mexican","no",83,3621,66,65.24,3,1.8,3,923,130,1287,30,1.03,0.258,23.6,20,129746
1130,"tourist","mexican","yes",132,2839,71,34.2,4.5,11.9,11,1058,173,1656,33,1.77,0.26,17.8,21,138181
2446,"suburban","mexican","yes",186,4233,122,26.08,2.5,1.4,9,1346,206,2163,58,1.41,0.255,21.8,33,127548
3823,"downtown","mexican","no",66,3325,100,123.52,3.5,11.3,5,935,106,1588,47,1.09,0.247,19.8,20,103635
2033,"suburban","american","no",57,2024,78,39.55,2.5,3.8,6,663,45,1378,31,1.06,0.321,18.4,8,80251
1713,"tourist","italian","yes",97,4128,96,96.69,4,2.4,8,1046,126,1818,44,1.56,0.298,16.5,15,165869
2362,"suburban","italian","no",23,996,46,55.77,4,4.4,2,429,82,1154,21,0.83,0.307,17.8,10,91451
1853,"suburban","asian","no",15,899,93,41.65,3.5,4.8,0,388,43,1333,40,0.83,0.294,13.4,5,88787
4413,"suburban","american","no",106,1874,68,52.11,3,5.2,7,834,116,1630,39,1.4,0.291,18.4,23,92388
3218,"tourist","italian","yes",37,500,64,48.86,3.5,4.8,6,434,82,1379,29,1.12,0.351,15.5,18,134117
1198,"tourist","american","no",119,3507,114,104.08,3.5,10.6,5,1089,162,1932,48,1.54,0.291,17.9,25,159429
3260,"downtown","american","yes",92,2175,98,148.5,3.5,5.9,3,820,116,1750,42,0.8,0.324,23.4,27,127555
711,"tourist","italian","yes",84,2560,85,72.9,3,0.5,5,820,111,1561,42,1.12,0.285,23.7,18,146486
4989,"suburban","mexican","yes",133,3242,154,40.38,4,21.3,10,1110,165,2427,63,1.47,0.245,21.9,15,109363
2563,"tourist","italian","yes",154,6116,100,144.54,4.5,12,11,1545,183,2153,50,1.89,0.342,20.1,27,185265
2162,"downtown","asian","yes",63,2349,65,247.35,2.5,0.5,3,708,77,1403,30,1.16,0.272,25.1,24,109669
28,"suburban","asian","yes",35,2210,66,23.95,3.5,9.7,5,617,66,1261,30,1.07,0.289,10.9,8,89427
3180,"downtown","american","yes",124,4468,64,61.12,4,3,9,1189,150,1440,36,1.64,0.281,24.6,24,135174
548,"tourist","italian","no",115,3552,107,60.28,5,10.4,7,1144,180,1836,50,1.7,0.307,21,24,148127
4020,"downtown","mexican","yes",78,2699,133,35.12,3,9.8,4,804,91,1658,55,0.8,0.26,15.6,18,123608
1025,"suburban","italian","yes",31,2996,129,96.23,3,9.6,3,593,63,1660,52,0.8,0.294,19.4,11,109963
1238,"suburban","italian","yes",56,500,77,28.68,3,5.9,1,466,58,1504,37,0.85,0.369,20.8,18,104769
3314,"tourist","italian","yes",139,3980,137,120.22,3.5,6.9,9,1249,191,2198,62,1.61,0.338,22,27,170486
1419,"downtown","american","no",91,1549,71,73.38,3.5,0.5,4,707,119,1438,37,1.21,0.328,19.5,18,123049
2114,"tourist","asian","yes",109,1713,82,76.58,3.5,5.1,6,771,141,1719,41,1.23,0.274,18.6,25,151358
3547,"downtown","american","yes",130,5252,138,57.78,2.5,6.6,7,1320,136,2023,58,1.18,0.296,20.9,16,144803
1400,"tourist","mexican","no",85,3120,110,36,2.5,9.8,5,829,106,1768,47,1.17,0.262,15.6,20,117738
911,"suburban","asian","yes",73,686,50,48.97,3.5,1.3,5,537,97,1344,29,1.29,0.353,20.5,16,99565
2004,"downtown","asian","yes",45,2132,51,47.83,3.5,1.2,5,657,62,1235,30,0.98,0.268,15.9,7,102587
4364,"tourist","american","no",15,899,91,29.9,3,6.5,3,406,40,1318,41,0.8,0.283,11.5,14,107705
4610,"suburban","american","yes",75,1432,36,33.67,4.5,0.5,2,649,102,1194,24,1.91,0.309,15.4,16,99269
3318,"downtown","american","yes",95,3784,150,48.72,4,17,4,1073,124,2024,64,1.39,0.29,18.1,30,129020
309,"downtown","american","yes",82,1494,100,66.23,4,4.4,6,711,126,1614,47,1.18,0.268,18.9,16,121005
3673,"suburban","american","yes",124,3022,104,26.6,4,8.6,8,1058,135,1754,49,1.45,0.312,22,23,112723
1418,"tourist","american","yes",79,1024,118,31.12,4.5,0.5,6,587,142,1625,55,1.51,0.271,19.3,18,134265
2378,"downtown","mexican","yes",92,4369,85,105.99,3.5,1.6,6,1120,123,1715,36,1.23,0.246,23,19,133369
1995,"downtown","asian","no",132,3585,101,135.66,3,2.2,5,1113,170,1814,48,0.98,0.283,24.7,28,132563
4200,"downtown","italian","yes",68,3074,100,65.57,3.5,9.5,6,829,102,1620,45,0.97,0.315,17.5,18,129557
928,"suburban","american","yes",15,500,83,34.01,2.5,6.6,3,287,38,1207,40,0.8,0.301,18,9,84062
1373,"tourist","mexican","no",163,4804,119,68.89,4,10.3,8,1468,201,2145,55,1.91,0.243,22.8,24,143373
1142,"suburban","italian","no",73,2487,83,94.34,4.5,3.7,3,867,125,1691,42,1.32,0.32,20.6,11,109587
571,"suburban","asian","yes",15,500,105,50.7,3.5,6.7,3,343,59,1409,46,1.16,0.33,15,10,89833
2318,"downtown","asian","no",65,2440,91,56,3,6,8,729,82,1548,40,1.17,0.301,16.6,20,106535
2601,"tourist","american","yes",73,2526,96,36.53,4,15.4,6,746,123,1686,43,1.34,0.274,16.2,14,119376
3134,"tourist","italian","yes",85,2473,106,69.18,4,7.9,7,866,111,1743,50,1.5,0.382,16.2,17,148721
768,"downtown","american","yes",104,2803,110,45.8,3,10.8,8,885,135,1726,51,1.01,0.283,20.8,15,121894
4446,"downtown","asian","no",71,2840,112,49.6,4,12.8,8,808,114,1683,50,1.22,0.351,19.5,18,108502
1711,"suburban","asian","no",106,2970,89,106.07,3,5,5,971,143,1736,42,1.53,0.316,17.8,17,112306
1020,"downtown","italian","yes",112,3782,68,137.67,3.5,11,8,1156,137,1718,37,1.38,0.306,16.8,25,140569
764,"downtown","american","no",115,3550,73,99.07,4,8.3,13,1118,142,1499,36,1.73,0.244,23.7,30,109714
3071,"suburban","mexican","yes",79,2336,79,45.09,3,1.3,7,747,89,1606,35,1.25,0.232,20.4,16,97176
4333,"downtown","american","no",83,1487,133,90.45,4,18.2,7,733,129,2007,56,0.85,0.311,15.3,18,108285
1333,"downtown","italian","yes",118,2694,140,178.59,4,13.4,9,1045,157,2065,59,1.32,0.297,21.9,27,138456
4693,"tourist","asian","yes",118,2495,112,67.08,4.5,13.7,8,951,169,2009,53,1.31,0.253,17.7,21,153800
2873,"suburban","mexican","yes",49,3200,113,20.62,3.5,6.8,4,780,85,1693,46,1.06,0.21,16.4,14,93839
1135,"tourist","asian","yes",67,1108,60,47.78,3,5.4,6,582,106,1455,33,1,0.24,20.1,15,129139
2409,"tourist","american","yes",27,500,49,35.59,3,1.4,3,355,67,1212,24,1.05,0.294,16.1,8,104407
3111,"downtown","italian","no",93,1830,89,140.37,4,1.3,4,732,141,1632,39,1.18,0.289,17.9,18,124751
1666,"suburban","mexican","yes",76,630,41,18.89,3,3.3,5,553,84,1210,21,0.97,0.23,20.2,17,87515
1366,"suburban","american","no",56,1371,106,32,3.5,12,5,616,78,1407,43,1.31,0.292,12.5,6,78668
4952,"downtown","italian","yes",56,3099,99,81.56,3,10.8,7,833,85,1511,45,0.94,0.309,18.1,16,121576
1509,"downtown","asian","no",49,1342,120,69.32,3.5,7.9,5,587,91,1663,46,0.88,0.276,20,19,118255
4796,"downtown","mexican","yes",74,2440,97,45.29,3,12.5,1,704,80,1522,41,0.86,0.24,18.1,15,119342
4096,"suburban","mexican","yes",123,2942,113,35.75,3.5,7.3,6,1051,131,1897,51,1.57,0.293,17.9,18,109365
2683,"suburban","mexican","no",53,1717,101,19.97,3.5,8.2,0,624,75,1537,44,0.95,0.217,15.5,16,93828
4805,"suburban","mexican","yes",86,1373,63,53.21,4,2.3,5,660,114,1532,34,1.58,0.193,15.5,13,98613
4905,"downtown","mexican","yes",94,2761,113,86.16,3.5,11.2,7,958,121,1889,48,1.16,0.233,20,20,135127
2423,"suburban","italian","yes",78,1608,111,54.02,3.5,11.8,7,622,102,1725,55,1.27,0.327,18.8,12,107452
1270,"suburban","asian","yes",60,1763,90,18,3.5,8.7,1,613,95,1690,45,1.59,0.262,14.7,14,99790
2489,"downtown","asian","yes",57,2986,134,123.72,3,1,3,784,54,1844,53,0.8,0.241,16.8,16,128025
2609,"downtown","asian","no",107,2189,112,96.34,3.5,6.7,4,870,124,1886,48,1.44,0.265,18.5,20,122288
2803,"downtown","mexican","yes",159,5490,111,281.59,4,9.4,7,1496,181,2105,51,1.62,0.268,27.4,38,140669
2458,"suburban","mexican","no",91,3515,122,36.27,3,7.7,8,986,105,1885,56,0.8,0.276,17.5,16,99540
3131,"downtown","mexican","yes",33,1743,23,96.56,3.5,0.5,5,618,68,1152,17,1.23,0.208,22.9,19,99664
2040,"tourist","american","yes",137,5231,87,59.46,5,8.1,11,1492,219,1865,42,2.66,0.309,21.4,19,152411
2942,"suburban","american","yes",74,2019,118,27.47,2.5,7.2,3,707,67,1765,54,0.8,0.264,17.6,16,104182
4711,"tourist","american","yes",96,3300,69,71.43,4,6.5,6,1002,144,1713,36,1.6,0.293,20.5,16,137363
1358,"suburban","american","no",72,1608,81,43.95,3,4.7,6,620,80,1487,40,0.88,0.273,18.9,18,84410
2643,"suburban","italian","no",38,500,80,89.77,4,11.2,3,439,76,1473,40,0.87,0.337,18.1,12,97327
2648,"tourist","asian","yes",133,5374,150,179.55,4.5,11.8,10,1351,194,2324,71,1.7,0.283,23.2,30,183323
4214,"tourist","american","yes",135,2567,92,61.59,3.5,9.7,6,1077,153,1796,42,1.4,0.315,18.7,21,155925
4022,"downtown","american","no",97,3146,87,121.03,3.5,6.7,4,928,117,1555,38,1.24,0.308,21.8,22,123722
4496,"suburban","american","yes",35,2855,94,78.38,3.5,2.6,8,636,65,1567,42,0.8,0.3,16,9,88417
694,"suburban","asian","yes",42,1497,83,24.48,3.5,8.9,5,533,80,1422,36,0.89,0.308,16.7,15,88636
621,"suburban","asian","yes",80,1781,88,205.27,4.5,6.3,3,727,134,1607,37,1.67,0.305,23.5,21,113558
918,"tourist","asian","yes",97,2424,66,83.55,4,4.9,8,860,143,1632,34,1.51,0.271,19,20,148977
3877,"downtown","mexican","yes",80,1159,68,102.02,3.5,6,7,704,85,1537,38,1.16,0.253,23.9,23,119430
348,"suburban","mexican","yes",50,1333,93,65.52,3,4.5,7,569,100,1397,40,0.9,0.248,20.1,12,94993
1074,"downtown","italian","yes",101,2991,61,95.57,4,1.1,8,983,134,1485,31,1.98,0.269,23.2,28,133386
2213,"downtown","asian","no",100,2244,104,101.74,3.5,4.1,6,794,110,1959,47,1.37,0.271,19.2,25,119504
375,"tourist","mexican","yes",81,2772,122,97.8,2.5,10.3,3,806,77,1982,52,0.8,0.234,21,21,146751
425,"downtown","mexican","yes",88,2518,146,77.98,3,11,5,778,104,1847,61,0.84,0.299,16.7,17,134837
2795,"downtown","asian","yes",90,2257,83,76.35,3.5,10,7,796,108,1579,41,1.1,0.276,21.5,25,125297
1423,"suburban","mexican","no",136,4274,120,18,3,9.4,9,1191,160,1734,54,1.43,0.272,17.2,23,101861
1577,"downtown","asian","no",15,500,36,42.35,3,6.6,0,310,41,966,22,0.8,0.295,18.7,15,89032
3099,"tourist","american","no",29,1503,85,18,3.5,5.6,0,487,65,1424,40,1.17,0.271,15.1,9,106556
49,"downtown","mexican","no",60,970,92,30.34,3.5,2.8,3,533,61,1558,41,0.8,0.213,16.2,13,95731
3941,"downtown","italian","no",58,1785,116,72.5,3,12.5,6,672,77,1833,55,0.8,0.336,20.2,15,106379
2819,"suburban","italian","yes",93,1395,67,71.94,3.5,3.7,6,745,100,1496,34,1.17,0.289,14.6,16,110670
3859,"tourist","mexican","yes",107,2926,52,124.81,3,8.9,10,925,140,1479,27,0.98,0.267,19.1,22,141370
3728,"downtown","mexican","yes",93,2125,62,113.11,3,5.3,4,844,106,1600,33,1.44,0.291,18.9,21,123186
3064,"tourist","mexican","yes",145,4196,114,47.06,3.5,12.8,8,1215,195,2068,52,1.48,0.253,19.6,22,154834
4011,"suburban","american","yes",101,2798,90,27.06,4.5,8.7,7,981,162,1796,42,1.64,0.327,13.3,21,113215
4026,"suburban","italian","yes",75,1906,89,126.57,3.5,8.4,3,683,105,1606,36,1.02,0.248,20.9,9,111773
941,"suburban","italian","no",54,1282,91,32.43,3.5,1.7,5,521,81,1553,42,0.8,0.298,14.9,9,98386
2182,"suburban","asian","yes",79,1918,104,23.64,3,4.2,6,769,96,1682,45,0.96,0.265,17.9,6,109710
2312,"suburban","mexican","yes",85,2139,77,19.98,3,1.6,8,759,100,1627,39,0.8,0.283,16,12,88828
4576,"suburban","italian","yes",71,1805,76,50.4,3,8.7,7,711,77,1588,38,1,0.33,16.3,15,108744
4834,"tourist","italian","no",110,4230,67,92.71,4,2.2,8,1066,174,1702,39,1.85,0.309,21.4,20,147566
196,"suburban","mexican","no",86,2606,71,26.42,4,1.6,4,839,116,1718,33,1.22,0.242,18.6,20,84874
2770,"downtown","american","no",117,2052,106,48.8,3,2.8,9,919,138,1946,51,0.8,0.359,14.5,21,117231
3302,"downtown","american","no",125,3846,93,152.99,4,4.7,10,1181,166,1909,50,1.85,0.319,24.1,30,125060
4290,"downtown","mexican","yes",31,500,73,32.33,2.5,1.2,2,395,60,1117,37,0.96,0.263,16.6,11,112993
1273,"suburban","italian","yes",64,2956,100,38.12,3,5.6,4,756,94,1590,48,0.9,0.331,16.3,9,110935
2091,"tourist","asian","yes",65,2267,123,32.65,4,5,4,692,132,1817,51,0.8,0.275,14.3,18,145141
2388,"suburban","asian","no",38,910,101,21.97,3,12.9,3,424,52,1559,43,0.8,0.3,14.8,11,89242
4287,"tourist","italian","yes",162,4430,95,221.42,4,6.2,11,1346,188,2004,52,1.85,0.353,25.6,25,191800
2008,"downtown","american","no",94,3271,74,128.53,4,6.5,3,1008,119,1635,35,1.46,0.345,17.8,18,123940
4621,"suburban","american","yes",56,1249,95,38.93,2.5,3.3,4,595,67,1605,39,0.88,0.25,17.6,13,94382
2992,"tourist","asian","yes",72,2266,55,70.49,3.5,0.5,6,802,93,1286,30,1.11,0.269,20.5,11,134072
1807,"tourist","mexican","no",112,4380,109,28.24,3.5,2.4,5,1144,144,1921,39,0.8,0.199,17.2,19,119491
1493,"suburban","italian","yes",106,5490,106,49.94,4,3.6,10,1286,133,1921,48,2.04,0.308,21.6,17,126263
1361,"tourist","american","yes",42,2315,79,152.37,4,5.2,3,687,108,1639,37,1.16,0.307,20,11,151390
3961,"downtown","american","no",168,4137,116,76.78,4,3.2,9,1353,207,2057,57,1.66,0.33,23.9,24,129661
1381,"tourist","italian","no",76,2392,113,67.81,4,18.8,4,798,105,1793,48,1.36,0.351,15.8,14,133754
3848,"suburban","italian","yes",34,500,97,64.6,3.5,1.8,2,383,80,1404,40,0.8,0.323,19.6,9,98995
1915,"downtown","italian","yes",49,1467,66,87.09,4.5,7.5,2,614,112,1255,32,1.48,0.305,19.3,20,117909
4539,"suburban","american","yes",15,500,33,18,3.5,8.2,0,383,30,912,22,0.8,0.335,10.2,3,78598
3945,"suburban","italian","no",94,3018,45,99.46,3.5,0.5,8,936,106,1355,27,1.14,0.3,24.9,18,102595
3175,"suburban","mexican","yes",116,3334,95,21.61,3.5,0.5,10,1052,151,1973,48,0.87,0.241,18.7,19,98182
2080,"tourist","american","yes",79,2836,78,72.67,4,11.3,5,899,118,1484,30,1.17,0.326,19.8,22,151941
1830,"suburban","italian","yes",60,1825,44,38.98,3,0.5,2,721,95,1153,31,1.2,0.281,14.5,10,111477
2289,"tourist","mexican","yes",107,1956,70,116.21,3.5,1.3,3,851,160,1659,37,1.01,0.231,22.5,25,152923
2319,"downtown","mexican","no",70,2120,83,83.31,2.5,5.4,3,749,89,1447,39,0.8,0.298,21.2,20,112650
1673,"tourist","italian","yes",122,2785,107,135.01,4,2.7,5,956,174,1897,47,1.36,0.321,21.5,26,181394
3605,"tourist","mexican","yes",177,5082,130,53.5,3.5,5.8,13,1443,205,2112,54,1.46,0.255,24.1,23,160774
2344,"suburban","mexican","no",53,2705,76,25.66,3.5,0.5,3,789,60,1535,36,1.08,0.248,15.3,13,84913
2113,"tourist","mexican","yes",102,2493,78,89.97,3.5,9.7,5,948,155,1666,42,1.54,0.224,18.8,16,149387
520,"downtown","mexican","yes",101,2834,86,32.84,3.5,4.9,4,938,117,1597,40,1.47,0.256,20.6,15,126417
683,"suburban","american","no",44,2595,72,30.66,3.5,9.8,4,648,83,1391,37,1.3,0.323,14.5,12,73664
2535,"tourist","asian","yes",122,2715,102,61.46,4,10.3,8,1016,161,1834,45,1.94,0.254,19.5,18,146326
2370,"suburban","american","no",19,500,53,18,3,8.4,1,369,56,1162,25,0.8,0.28,12.7,3,67904
2356,"tourist","asian","yes",67,2570,85,51.79,3.5,17.1,5,759,101,1493,39,1.35,0.296,17.2,12,131245
1483,"suburban","american","yes",69,992,124,21,4,6.4,3,581,102,1748,56,1.03,0.266,14.2,11,115328
2999,"suburban","mexican","yes",21,500,68,27.88,2.5,4.1,0,295,40,1232,33,0.8,0.259,12.2,7,82255
1121,"downtown","italian","yes",115,4279,117,114.62,4,1,7,1141,136,2095,55,1.44,0.312,22,26,152343
4833,"tourist","asian","no",66,1491,74,97.68,3.5,4,8,559,110,1483,36,1.11,0.295,19.3,7,139543
871,"tourist","mexican","no",183,5483,126,67.97,4,12,14,1569,207,2202,56,2.01,0.223,23.8,24,141277
4150,"suburban","mexican","yes",61,1180,91,32.76,3.5,6.8,3,588,103,1516,39,0.8,0.217,15.5,10,97026
2607,"downtown","mexican","no",90,1811,94,29.47,3,9.8,4,726,86,1711,43,1,0.264,16.6,17,100761
844,"downtown","mexican","yes",97,1850,46,51.01,4,0.5,4,861,122,1550,29,1.49,0.247,20.7,19,115820
2851,"tourist","american","yes",86,2580,99,148.85,2.5,8.9,5,815,95,1735,48,0.8,0.389,17.9,23,161174
2934,"tourist","mexican","yes",143,4154,73,53.88,2.5,5.2,6,1237,159,1649,37,1.08,0.244,19.8,22,147059
835,"tourist","asian","yes",125,3289,98,626.06,3,3,11,1034,162,2058,45,1.65,0.277,40.4,40,85056
392,"suburban","mexican","yes",107,3309,88,42.39,3,7.3,7,1064,123,1728,44,0.98,0.257,18.5,13,108567
2692,"suburban","mexican","no",31,2165,65,18.33,2.5,7.4,2,494,55,1235,27,0.8,0.253,17.7,14,77801
1932,"tourist","american","no",89,1842,63,94.77,3.5,8.5,8,778,123,1533,35,1.6,0.347,24.5,25,129207
3337,"downtown","american","yes",73,2706,87,201.97,4,5.2,1,885,111,1488,38,1.37,0.245,22.6,26,126223
864,"suburban","mexican","yes",112,2245,116,41.56,4,4.4,7,923,140,1798,58,1.51,0.269,19.5,26,103043
3374,"tourist","italian","yes",132,3985,115,161.91,4,11.5,8,1155,163,2242,50,1.78,0.346,26.4,26,178969
3392,"downtown","asian","yes",80,3314,111,68.74,4,11.6,4,850,110,1822,49,1.51,0.261,18.8,16,129810
3261,"downtown","american","no",87,2467,84,133.49,3.5,8.8,5,925,112,1846,38,1.24,0.305,18.4,22,124783
2636,"tourist","asian","yes",80,2074,47,59.64,3.5,5.1,14,808,124,1308,28,1.66,0.319,19.5,16,132777
3006,"suburban","italian","yes",76,1826,84,63.62,3.5,5.4,6,665,78,1541,42,1.11,0.319,22.4,14,106992
3608,"suburban","mexican","yes",101,2908,52,70.52,3,9.6,5,973,130,1336,28,1.21,0.234,18.4,20,104229
2473,"downtown","american","no",90,2840,134,73.44,3,8.3,5,948,119,1730,58,0.8,0.251,13.8,21,118790
4397,"suburban","american","yes",15,599,98,34.9,3,17.6,3,347,51,1534,35,0.8,0.286,12.5,15,85287
2056,"tourist","asian","no",143,2981,127,88.37,4,14.3,10,1051,176,2062,59,1.61,0.262,18.1,20,149520
3376,"downtown","mexican","no",65,2119,126,122.43,3.5,9.2,2,700,88,1851,56,0.93,0.185,17,18,122692
4182,"tourist","mexican","yes",128,2592,93,35.68,4,0.5,9,962,156,1740,44,1.59,0.284,24,22,141475
3301,"downtown","american","yes",66,2096,66,25.25,3.5,2,3,739,107,1506,31,1.37,0.32,14.9,20,110909
739,"suburban","italian","yes",92,2475,99,62.02,3.5,12.2,5,885,126,1864,46,1.74,0.294,17.4,18,109870
514,"downtown","asian","no",145,2594,76,94.14,3,5.9,8,1029,187,1737,42,1.02,0.255,17.6,31,124427
